<?xml version="1.0" encoding="UTF-8"?>
<OpenSearchDescription xmlns="http://a9.com/-/spec/opensearch/1.1/"
                       xmlns:moz="http://www.mozilla.org/2006/browser/search/">
  <ShortName>Raindrop.io Help</ShortName>
  <Description>Search Raindrop.io Help</Description>
  <InputEncoding>UTF-8</InputEncoding>
  <Image width="16" height="16" type="image/x-icon">https://help.raindrop.io/favicon.ico</Image>
  <Url type="text/html" method="get" template="https://help.raindrop.io/search?q={searchTerms}"/>
  <Url type="application/opensearchdescription+xml" rel="self" template="https://help.raindrop.io/opensearch.xml" />
  <moz:SearchForm>https://help.raindrop.io/</moz:SearchForm>
</OpenSearchDescription>