{
  "CAADAQADHAEAAoCI-UYX7lQoZBTtKBYE": {
    "file_id": "CAADAQADHAEAAoCI-UYX7lQoZBTtKBYE",
    "document_id": 5114268935193100572,
    "emojis": [
      "\ud83c\udfad"
    ]
  },
  "CAADAQADOAEAAn1B-EZ2ZXpsLVz95xYE": {
    "file_id": "CAADAQADOAEAAn1B-EZ2ZXpsLVz95xYE",
    "document_id": 5113909382005915960,
    "emojis": [
      "\ud83c\udfad"
    ]
  },
  "CAADAQADRAEAAqvEAAFHOA1XM6YUcLAWBA": {
    "file_id": "CAADAQADRAEAAqvEAAFHOA1XM6YUcLAWBA",
    "document_id": 5116305415411335492,
    "emojis": [
      "\ud83c\udfad"
    ]
  },
  "CAADAQADUAEAApqE-UaR8b1wzJqngRYE": {
    "file_id": "CAADAQADUAEAApqE-UaR8b1wzJqngRYE",
    "document_id": 5114264648815739216,
    "emojis": [
      "\ud83c\udfad"
    ]
  },
  "CAADAQADHAEAAglb-EbjFvxQqrcBAxYE": {
    "file_id": "CAADAQADHAEAAglb-EbjFvxQqrcBAxYE",
    "document_id": 5113937471092031772,
    "emojis": [
      "\ud83c\udfad"
    ]
  },
  "CAADAQADEgEAAlXG-EYynKkmPRMDDBYE": {
    "file_id": "CAADAQADEgEAAlXG-EYynKkmPRMDDBYE",
    "document_id": 5114055445253718290,
    "emojis": [
      "\ud83c\udfad"
    ]
  },
  "CAADAQADLgEAAtrkAAFHncJbAXPMUZ0WBA": {
    "file_id": "CAADAQADLgEAAtrkAAFHncJbAXPMUZ0WBA",
    "document_id": 5116340801646887214,
    "emojis": [
      "\ud83c\udfad"
    ]
  },
  "CAADAQADQgIAAh9dAUd8ThZyv8MXXxYE": {
    "file_id": "CAADAQADQgIAAh9dAUd8ThZyv8MXXxYE",
    "document_id": 5116473039394964034,
    "emojis": [
      "\ud83c\udfad"
    ]
  },
  "CAADAQADTgEAAjJQ-EZDqY5GZ-PizRYE": {
    "file_id": "CAADAQADTgEAAjJQ-EZDqY5GZ-PizRYE",
    "document_id": 5113925552557785422,
    "emojis": [
      "\ud83c\udfad"
    ]
  },
  "CAADAQADQgIAAsscAAFHcuJKNviE5OAWBA": {
    "file_id": "CAADAQADQgIAAsscAAFHcuJKNviE5OAWBA",
    "document_id": 5116120834896822850,
    "emojis": [
      "\ud83c\udfad"
    ]
  },
  "CAADAQADLAEAAoTyAUcWzwMoJahy2BYE": {
    "file_id": "CAADAQADLAEAAoTyAUcWzwMoJahy2BYE",
    "document_id": 5116637300419199276,
    "emojis": [
      "\ud83c\udfad"
    ]
  },
  "CAADAQADMAEAAnfKAUdn5lOD1GEFbRYE": {
    "file_id": "CAADAQADMAEAAnfKAUdn5lOD1GEFbRYE",
    "document_id": 5116593264119513392,
    "emojis": [
      "\ud83c\udfad"
    ]
  },
  "CAADAQADbQEAAlPKAAFHBubggbYuiC4WBA": {
    "file_id": "CAADAQADbQEAAlPKAAFHBubggbYuiC4WBA",
    "document_id": 5116311634523980141,
    "emojis": [
      "\ud83c\udfad"
    ]
  },
  "CAADAQADPAEAAgd3AAFHg45OP1JhxiwWBA": {
    "file_id": "CAADAQADPAEAAgd3AAFHg45OP1JhxiwWBA",
    "document_id": 5116220048641360188,
    "emojis": [
      "\ud83c\udfad"
    ]
  },
  "CAADAQAD9AAD0cP5RsjcRqKb4buRFgQ": {
    "file_id": "CAADAQAD9AAD0cP5RsjcRqKb4buRFgQ",
    "document_id": 5114334154271490292,
    "emojis": [
      "\ud83c\udfad"
    ]
  },
  "CAADAQADHwEAAiBm-UbdoGqUs8yHohYE": {
    "file_id": "CAADAQADHwEAAiBm-UbdoGqUs8yHohYE",
    "document_id": 5114231139480895775,
    "emojis": [
      "\ud83c\udfad"
    ]
  },
  "CAADAQADUwEAAvbz-UY4i6XUryuWMBYE": {
    "file_id": "CAADAQADUwEAAvbz-UY4i6XUryuWMBYE",
    "document_id": 5114387089743413587,
    "emojis": [
      "\ud83c\udfad"
    ]
  },
  "CAADAQADmgEAAkDu-UYwbfvU6g6AohYE": {
    "file_id": "CAADAQADmgEAAkDu-UYwbfvU6g6AohYE",
    "document_id": 5114380810501226906,
    "emojis": [
      "\ud83c\udfad"
    ]
  },
  "CAADAQADcQEAAmrr-UYDy3NnZXYLQxYE": {
    "file_id": "CAADAQADcQEAAmrr-UYDy3NnZXYLQxYE",
    "document_id": 5114377692354969969,
    "emojis": [
      "\ud83c\udfad"
    ]
  },
  "CAADAQAD3QEAAovj-Eb7Oc3_7yDJ5BYE": {
    "file_id": "CAADAQAD3QEAAovj-Eb7Oc3_7yDJ5BYE",
    "document_id": 5114087563019157981,
    "emojis": [
      "\ud83c\udfad"
    ]
  },
  "CAADAQADqAIAAtfZ-UZ14iQBJt808hYE": {
    "file_id": "CAADAQADqAIAAtfZ-UZ14iQBJt808hYE",
    "document_id": 5114358369297105576,
    "emojis": [
      "\ud83c\udfad"
    ]
  },
  "CAADAQADRwIAAs1aAAFH0Y8uoSQW1RwWBA": {
    "file_id": "CAADAQADRwIAAs1aAAFH0Y8uoSQW1RwWBA",
    "document_id": 5116189013207679559,
    "emojis": [
      "\ud83c\udfad"
    ]
  },
  "CAADAQADSgEAAmT1-EZdcTMO6mTfMxYE": {
    "file_id": "CAADAQADSgEAAmT1-EZdcTMO6mTfMxYE",
    "document_id": 5114107186724733258,
    "emojis": [
      "\ud83c\udfad"
    ]
  },
  "CAADAQADgwEAAp_ZAAFHsDfCBadZvjAWBA": {
    "file_id": "CAADAQADgwEAAp_ZAAFHsDfCBadZvjAWBA",
    "document_id": 5116328453615911299,
    "emojis": [
      "\ud83c\udfad"
    ]
  },
  "CAADAQADZQEAApWx-UbCfhXsyfMzUxYE": {
    "file_id": "CAADAQADZQEAApWx-UbCfhXsyfMzUxYE",
    "document_id": 5114314105364152677,
    "emojis": [
      "\ud83c\udfad"
    ]
  },
  "CAADAQADVQIAAuMu-Eb46FMPY-cuWBYE": {
    "file_id": "CAADAQADVQIAAuMu-Eb46FMPY-cuWBYE",
    "document_id": 5113888929371652693,
    "emojis": [
      "\ud83c\udfad"
    ]
  },
  "CAADAQAD5AEAAo8KAUcTiVSZQGJbaxYE": {
    "file_id": "CAADAQAD5AEAAo8KAUcTiVSZQGJbaxYE",
    "document_id": 5116382260966195684,
    "emojis": [
      "\ud83c\udfad"
    ]
  },
  "CAADAQADHAEAAs_4-UaXH6hGXhprlhYE": {
    "file_id": "CAADAQADHAEAAs_4-UaXH6hGXhprlhYE",
    "document_id": 5114392419797827868,
    "emojis": [
      "\ud83c\udfad"
    ]
  },
  "CAADAQADTwEAAs-tAAFHOqMWz_zgnbEWBA": {
    "file_id": "CAADAQADTwEAAs-tAAFHOqMWz_zgnbEWBA",
    "document_id": 5116280281262719311,
    "emojis": [
      "\ud83c\udfad"
    ]
  },
  "CAADAQADXgEAAkkI-UbvfMz0cgcqORYE": {
    "file_id": "CAADAQADXgEAAkkI-UbvfMz0cgcqORYE",
    "document_id": 5114127961481544030,
    "emojis": [
      "\ud83c\udfad"
    ]
  },
  "CAADAQADwAEAAkJ1AAFHY3hGE_ZIJBAWBA": {
    "file_id": "CAADAQADwAEAAkJ1AAFHY3hGE_ZIJBAWBA",
    "document_id": 5116218103021175232,
    "emojis": [
      "\ud83c\udfad"
    ]
  },
  "CAADAQADSgEAAnt9AUfXTyNjq-4gvRYE": {
    "file_id": "CAADAQADSgEAAnt9AUfXTyNjq-4gvRYE",
    "document_id": 5116508618904043850,
    "emojis": [
      "\ud83c\udfad"
    ]
  },
  "CAADAQADwQEAAlDg-EZRCXNRyP1JBhYE": {
    "file_id": "CAADAQADwQEAAlDg-EZRCXNRyP1JBhYE",
    "document_id": 5114084011081204161,
    "emojis": [
      "\ud83c\udfad"
    ]
  },
  "CAADAQAD-QADgVX4RjhCZC_n2QEMFgQ": {
    "file_id": "CAADAQAD-QADgVX4RjhCZC_n2QEMFgQ",
    "document_id": 5113931389418340601,
    "emojis": [
      "\ud83c\udfad"
    ]
  },
  "CAADAQADPgEAAjtkAAFHwXA16sqnsSYWBA": {
    "file_id": "CAADAQADPgEAAjtkAAFHwXA16sqnsSYWBA",
    "document_id": 5116199381258731838,
    "emojis": [
      "\ud83c\udfad"
    ]
  },
  "CAADAQADCwEAAvXQ-EZD3bXxeiqnsxYE": {
    "file_id": "CAADAQADCwEAAvXQ-EZD3bXxeiqnsxYE",
    "document_id": 5114067127564763403,
    "emojis": [
      "\ud83c\udfad"
    ]
  },
  "CAADAQADBwEAArrwAUeuC9J-ggPgexYE": {
    "file_id": "CAADAQADBwEAArrwAUeuC9J-ggPgexYE",
    "document_id": 5116635333324177671,
    "emojis": [
      "\ud83c\udfad"
    ]
  },
  "CAADAQADagEAAtShAAFHtuTjT27PVMAWBA": {
    "file_id": "CAADAQADagEAAtShAAFHtuTjT27PVMAWBA",
    "document_id": 5116267108598022506,
    "emojis": [
      "\ud83c\udfad"
    ]
  },
  "CAADAQADpwEAApix-EYe89kigdBkJBYE": {
    "file_id": "CAADAQADpwEAApix-EYe89kigdBkJBYE",
    "document_id": 5114032643272343975,
    "emojis": [
      "\ud83c\udfad"
    ]
  },
  "CAADAQADfgEAAu7NAAFH_YNHqBT67Q0WBA": {
    "file_id": "CAADAQADfgEAAu7NAAFH_YNHqBT67Q0WBA",
    "document_id": 5116315598778794366,
    "emojis": [
      "\ud83c\udfad"
    ]
  },
  "CAADAQADLwEAAlqu-UaoOHrLWlEbDxYE": {
    "file_id": "CAADAQADLwEAAlqu-UaoOHrLWlEbDxYE",
    "document_id": 5114310553426198831,
    "emojis": [
      "\ud83c\udfad"
    ]
  },
  "CAADAQADiQEAAnprAAFHSz2w3jGun-0WBA": {
    "file_id": "CAADAQADiQEAAnprAAFHSz2w3jGun-0WBA",
    "document_id": 5116207348423065993,
    "emojis": [
      "\ud83c\udfad"
    ]
  },
  "CAADAQADZgEAAsNt-UYowAABD58KkjsWBA": {
    "file_id": "CAADAQADZgEAAsNt-UYowAABD58KkjsWBA",
    "document_id": 5114239536141959526,
    "emojis": [
      "\ud83c\udfad"
    ]
  },
  "CAADAQADCQMAAl3UAAFHs0AViJ7kS8kWBA": {
    "file_id": "CAADAQADCQMAAl3UAAFHs0AViJ7kS8kWBA",
    "document_id": 5116322672589931273,
    "emojis": [
      "\ud83c\udfad"
    ]
  },
  "CAADAQADMgIAAu4fAAFH4_fjJRPEqlQWBA": {
    "file_id": "CAADAQADMgIAAu4fAAFH4_fjJRPEqlQWBA",
    "document_id": 5116124283755561522,
    "emojis": [
      "\ud83c\udfad"
    ]
  },
  "CAADAQADVAEAAiaj-UYyDJ2v0YYXGBYE": {
    "file_id": "CAADAQADVAEAAiaj-UYyDJ2v0YYXGBYE",
    "document_id": 5114298235459993940,
    "emojis": [
      "\ud83c\udfad"
    ]
  },
  "CAADAQADlAEAAvNhAUcaB5Slf1wF_RYE": {
    "file_id": "CAADAQADlAEAAvNhAUcaB5Slf1wF_RYE",
    "document_id": 5116478347974541716,
    "emojis": [
      "\ud83c\udfad"
    ]
  },
  "CAADAQADHQEAAplFAUcLq4-RpizneBYE": {
    "file_id": "CAADAQADHQEAAplFAUcLq4-RpizneBYE",
    "document_id": 5116447175101907229,
    "emojis": [
      "\ud83c\udfad"
    ]
  },
  "CAADAQADyAEAAmYGAAFHWsUZJ67Ki1oWBA": {
    "file_id": "CAADAQADyAEAAmYGAAFHWsUZJ67Ki1oWBA",
    "document_id": 5116096211849314760,
    "emojis": [
      "\ud83c\udfad"
    ]
  },
  "CAADAQADiwEAAogY-Eb4RmaAiYrjjhYE": {
    "file_id": "CAADAQADiwEAAogY-Eb4RmaAiYrjjhYE",
    "document_id": 5113864349273817483,
    "emojis": [
      "\ud83c\udfad"
    ]
  },
  "CAADAQADfAEAAstqAAFHuLDdiselWuAWBA": {
    "file_id": "CAADAQADfAEAAstqAAFHuLDdiselWuAWBA",
    "document_id": 5116206596803789180,
    "emojis": [
      "\ud83c\udfad"
    ]
  },
  "CAADAQADjQEAAoeq-Eao3jsTN1du9BYE": {
    "file_id": "CAADAQADjQEAAoeq-Eao3jsTN1du9BYE",
    "document_id": 5114024873676505485,
    "emojis": [
      "\ud83c\udfad"
    ]
  },
  "CAADAQADegEAApaVAAFHcTPvdcdGyOEWBA": {
    "file_id": "CAADAQADegEAApaVAAFHcTPvdcdGyOEWBA",
    "document_id": 5116253648170516858,
    "emojis": [
      "\ud83c\udfad"
    ]
  },
  "CAADAQAD3QEAAuKVAAFHPjN3OQABC0XUFgQ": {
    "file_id": "CAADAQAD3QEAAuKVAAFHPjN3OQABC0XUFgQ",
    "document_id": 5116253974588031453,
    "emojis": [
      "\ud83c\udfad"
    ]
  },
  "CAADAQADtgEAAhwv-EYZofbPo6siTRYE": {
    "file_id": "CAADAQADtgEAAhwv-EYZofbPo6siTRYE",
    "document_id": 5113889174184788406,
    "emojis": [
      "\ud83c\udfad"
    ]
  },
  "CAADAQADRgEAAj3mAAFH8e_0G0w759QWBA": {
    "file_id": "CAADAQADRgEAAj3mAAFH8e_0G0w759QWBA",
    "document_id": 5116342326360277318,
    "emojis": [
      "\ud83c\udfad"
    ]
  },
  "CAADAQADIAEAAuLOAUdgIjMUYTtSkRYE": {
    "file_id": "CAADAQADIAEAAuLOAUdgIjMUYTtSkRYE",
    "document_id": 5116598121727525152,
    "emojis": [
      "\ud83c\udfad"
    ]
  },
  "CAADAQADcwEAAiMRAUdDrUWwq3f55RYE": {
    "file_id": "CAADAQADcwEAAiMRAUdDrUWwq3f55RYE",
    "document_id": 5116389493691122035,
    "emojis": [
      "\ud83c\udfad"
    ]
  },
  "CAADAQADYQEAAirGAUcBRYf9pbosOBYE": {
    "file_id": "CAADAQADYQEAAirGAUcBRYf9pbosOBYE",
    "document_id": 5116588535360520545,
    "emojis": [
      "\ud83c\udfad"
    ]
  },
  "CAADAQAD_wMAAmzT-EbhDVhY0bSIfhYE": {
    "file_id": "CAADAQAD_wMAAmzT-EbhDVhY0bSIfhYE",
    "document_id": 5114069837689127935,
    "emojis": [
      "\ud83c\udfad"
    ]
  },
  "CAADAQAD-wADryYBR1-8SC6rJnWxFgQ": {
    "file_id": "CAADAQAD-wADryYBR1-8SC6rJnWxFgQ",
    "document_id": 5116413184730726651,
    "emojis": [
      "\ud83c\udfad"
    ]
  },
  "CAADAQADBQIAAv18AAFHZJkG61yIs_cWBA": {
    "file_id": "CAADAQADBQIAAv18AAFHZJkG61yIs_cWBA",
    "document_id": 5116226602761454085,
    "emojis": [
      "\ud83c\udfad"
    ]
  },
  "CAADAQADTgEAAhXp-EZVZZBpPxX2-BYE": {
    "file_id": "CAADAQADTgEAAhXp-EZVZZBpPxX2-BYE",
    "document_id": 5114093653282783566,
    "emojis": [
      "\ud83c\udfad"
    ]
  },
  "CAADAQAD3gEAAhQ1AUcMIyHHgb2sJRYE": {
    "file_id": "CAADAQAD3gEAAhQ1AUcMIyHHgb2sJRYE",
    "document_id": 5116429011685212638,
    "emojis": [
      "\ud83c\udfad"
    ]
  },
  "CAADAQADoQEAArHCAUfEYD8ZUWWZ_BYE": {
    "file_id": "CAADAQADoQEAArHCAUfEYD8ZUWWZ_BYE",
    "document_id": 5116584717134594465,
    "emojis": [
      "\ud83c\udfad"
    ]
  },
  "CAADAQADTgkAAhqc-UaEEvu9QjXEOBYE": {
    "file_id": "CAADAQADTgkAAhqc-UaEEvu9QjXEOBYE",
    "document_id": 5114290487338993998,
    "emojis": [
      "\ud83c\udfad"
    ]
  },
  "CAADAQADDQIAAv4WAUd2pKfat2B7dhYE": {
    "file_id": "CAADAQADDQIAAv4WAUd2pKfat2B7dhYE",
    "document_id": 5116395931847098893,
    "emojis": [
      "\ud83c\udfad"
    ]
  },
  "CAADAQADEQEAAoVP-UZE2SG8W4yzNBYE": {
    "file_id": "CAADAQADEQEAAoVP-UZE2SG8W4yzNBYE",
    "document_id": 5114206284505153809,
    "emojis": [
      "\ud83c\udfad"
    ]
  },
  "CAADAQADUgEAAjE_AAFH3JTrI6K3VScWBA": {
    "file_id": "CAADAQADUgEAAjE_AAFH3JTrI6K3VScWBA",
    "document_id": 5116158656378831186,
    "emojis": [
      "\ud83c\udfad"
    ]
  },
  "CAADAQADXAEAAiq_-Eb6LR2UPXpCIBYE": {
    "file_id": "CAADAQADXAEAAiq_-Eb6LR2UPXpCIBYE",
    "document_id": 5114047563988730204,
    "emojis": [
      "\ud83c\udfad"
    ]
  },
  "CAADAQADCgMAAnVSAUd4DY-v1yAxmBYE": {
    "file_id": "CAADAQADCgMAAnVSAUd4DY-v1yAxmBYE",
    "document_id": 5116461314134246154,
    "emojis": [
      "\ud83c\udfad"
    ]
  },
  "CAADAQADkQEAAnoyAUcV_IQgUQABfIkWBA": {
    "file_id": "CAADAQADkQEAAnoyAUcV_IQgUQABfIkWBA",
    "document_id": 5116426151236993425,
    "emojis": [
      "\ud83c\udfad"
    ]
  },
  "CAADAQADVQEAAs9WAUfEoGpwucrBxBYE": {
    "file_id": "CAADAQADVQEAAs9WAUfEoGpwucrBxBYE",
    "document_id": 5116466098727813461,
    "emojis": [
      "\ud83c\udfad"
    ]
  },
  "CAADAQADVQEAAo4pAAFHLAYZB_Lo0MIWBA": {
    "file_id": "CAADAQADVQEAAo4pAAFHLAYZB_Lo0MIWBA",
    "document_id": 5116134866554978645,
    "emojis": [
      "\ud83c\udfad"
    ]
  },
  "CAADAQADBgEAAquH-UbX4ZMpAAExbG0WBA": {
    "file_id": "CAADAQADBgEAAquH-UbX4ZMpAAExbG0WBA",
    "document_id": 5114268020365066502,
    "emojis": [
      "\ud83c\udfad"
    ]
  },
  "CAADAQADFgEAAnlNAAFH3o21SuYGUGkWBA": {
    "file_id": "CAADAQADFgEAAnlNAAFH3o21SuYGUGkWBA",
    "document_id": 5116174358779265302,
    "emojis": [
      "\ud83c\udfad"
    ]
  },
  "CAADAQADOAEAArbPAAFHEB-sHx1KQcwWBA": {
    "file_id": "CAADAQADOAEAArbPAAFHEB-sHx1KQcwWBA",
    "document_id": 5116317557283881272,
    "emojis": [
      "\ud83c\udfad"
    ]
  },
  "CAADAQADywEAAtRD-EZv_iuxh9YjlhYE": {
    "file_id": "CAADAQADywEAAtRD-EZv_iuxh9YjlhYE",
    "document_id": 5113911954691326411,
    "emojis": [
      "\ud83c\udfad"
    ]
  },
  "CAADAQADegEAAmGNAUeAMyW6ASVXkhYE": {
    "file_id": "CAADAQADegEAAmGNAUeAMyW6ASVXkhYE",
    "document_id": 5116526099420938618,
    "emojis": [
      "\ud83c\udfad"
    ]
  },
  "CAADAQADVQEAAs33-Ebwo5f6W1i4PRYE": {
    "file_id": "CAADAQADVQEAAs33-Ebwo5f6W1i4PRYE",
    "document_id": 5114109836719554901,
    "emojis": [
      "\ud83c\udfad"
    ]
  },
  "CAADAQADaQEAAosn-UYNhBIbOgt6URYE": {
    "file_id": "CAADAQADaQEAAosn-UYNhBIbOgt6URYE",
    "document_id": 5114162329809846633,
    "emojis": [
      "\ud83c\udfad"
    ]
  },
  "CAADAQADOQEAAlzlAAFHNQeN--EV-hgWBA": {
    "file_id": "CAADAQADOQEAAlzlAAFHNQeN--EV-hgWBA",
    "document_id": 5116341359992635705,
    "emojis": [
      "\ud83c\udfad"
    ]
  },
  "CAADAQADOhMAAjzv-EY255tCbV9X1hYE": {
    "file_id": "CAADAQADOhMAAjzv-EY255tCbV9X1hYE",
    "document_id": 5114100417856279354,
    "emojis": [
      "\ud83c\udfad"
    ]
  },
  "CAADAQADOwEAAl0q-UZr-SkNfEaLBhYE": {
    "file_id": "CAADAQADOwEAAl0q-UZr-SkNfEaLBhYE",
    "document_id": 5114165430776234299,
    "emojis": [
      "\ud83c\udfad"
    ]
  },
  "CAADAQADCAEAAlwiAUfifQzebqa21RYE": {
    "file_id": "CAADAQADCAEAAlwiAUfifQzebqa21RYE",
    "document_id": 5116408430201929992,
    "emojis": [
      "\ud83c\udfad"
    ]
  },
  "CAADAQADOwEAAixd-UadDSPLgey97BYE": {
    "file_id": "CAADAQADOwEAAixd-UadDSPLgey97BYE",
    "document_id": 5114221295415853371,
    "emojis": [
      "\ud83c\udfad"
    ]
  },
  "CAADAQAD6AADBJT4RipXA3kqhjkNFgQ": {
    "file_id": "CAADAQAD6AADBJT4RipXA3kqhjkNFgQ",
    "document_id": 5114000121779978472,
    "emojis": [
      "\ud83c\udfad"
    ]
  },
  "CAADAQADUwEAAi4k-UYyRH00Jxt8cxYE": {
    "file_id": "CAADAQADUwEAAi4k-UYyRH00Jxt8cxYE",
    "document_id": 5114158631843004755,
    "emojis": [
      "\ud83c\udfad"
    ]
  },
  "CAADAQADRgEAAq6o-EaYUiqnUa4WSBYE": {
    "file_id": "CAADAQADRgEAAq6o-EaYUiqnUa4WSBYE",
    "document_id": 5114022842156974406,
    "emojis": [
      "\ud83c\udfad"
    ]
  },
  "CAADAQADowEAArY0-EZOzM20zsJ41RYE": {
    "file_id": "CAADAQADowEAArY0-EZOzM20zsJ41RYE",
    "document_id": 5113895333167890851,
    "emojis": [
      "\ud83c\udfad"
    ]
  },
  "CAADAQADfwEAAlj1-Uaput_xxoBxfBYE": {
    "file_id": "CAADAQADfwEAAlj1-Uaput_xxoBxfBYE",
    "document_id": 5114388610161836415,
    "emojis": [
      "\ud83c\udfad"
    ]
  },
  "CAADAQAD9QADpVf4RgrsDtCu-t6nFgQ": {
    "file_id": "CAADAQAD9QADpVf4RgrsDtCu-t6nFgQ",
    "document_id": 5113933743060418805,
    "emojis": [
      "\ud83c\udfad"
    ]
  },
  "CAADAQADHAEAAiRE-Eb2AAHMsDcdqIUWBA": {
    "file_id": "CAADAQADHAEAAiRE-Eb2AAHMsDcdqIUWBA",
    "document_id": 5113912298288709916,
    "emojis": [
      "\ud83c\udfad"
    ]
  },
  "CAADAQAD7gADP6cBR49UicyIHbb2FgQ": {
    "file_id": "CAADAQAD7gADP6cBR49UicyIHbb2FgQ",
    "document_id": 5116554540694372590,
    "emojis": [
      "\ud83c\udfad"
    ]
  },
  "CAADAQADIwEAAkSn-Eb8d8vYiO85phYE": {
    "file_id": "CAADAQADIwEAAkSn-Eb8d8vYiO85phYE",
    "document_id": 5114021287378813219,
    "emojis": [
      "\ud83c\udfad"
    ]
  },
  "CAADAQADaAEAAie2-UYAAVPUwIT262UWBA": {
    "file_id": "CAADAQADaAEAAie2-UYAAVPUwIT262UWBA",
    "document_id": 5114319130475889000,
    "emojis": [
      "\ud83c\udfad"
    ]
  },
  "CAADAQADxAADizwBR6VS3EFZ4ok1FgQ": {
    "file_id": "CAADAQADxAADizwBR6VS3EFZ4ok1FgQ",
    "document_id": 5116437219367715012,
    "emojis": [
      "\ud83c\udfad"
    ]
  },
  "CAADAQADKAEAAs1YAAFH-tfBIbrbX4AWBA": {
    "file_id": "CAADAQADKAEAAs1YAAFH-tfBIbrbX4AWBA",
    "document_id": 5116186814184423720,
    "emojis": [
      "\ud83c\udfad"
    ]
  },
  "CAADAQADqQEAAlTTAUdpoV4QgNwmzhYE": {
    "file_id": "CAADAQADqQEAAlTTAUdpoV4QgNwmzhYE",
    "document_id": 5116603009400308137,
    "emojis": [
      "\ud83c\udfad"
    ]
  },
  "CAADAQADtgEAAmk--EYe0BT1bNasuhYE": {
    "file_id": "CAADAQADtgEAAmk--EYe0BT1bNasuhYE",
    "document_id": 5113905997571686838,
    "emojis": [
      "\ud83c\udfad"
    ]
  },
  "CAADAQADoQEAAqKSAUcI6zJuqkw3RhYE": {
    "file_id": "CAADAQADoQEAAqKSAUcI6zJuqkw3RhYE",
    "document_id": 5116531876151951777,
    "emojis": [
      "\ud83c\udfad"
    ]
  },
  "CAADAQADSwEAAh-F-EYRh6Gs-bqZShYE": {
    "file_id": "CAADAQADSwEAAh-F-EYRh6Gs-bqZShYE",
    "document_id": 5113983745069678923,
    "emojis": [
      "\ud83c\udfad"
    ]
  },
  "CAADAQADxQEAAgjY-Ubos_z82lMeNxYE": {
    "file_id": "CAADAQADxQEAAgjY-Ubos_z82lMeNxYE",
    "document_id": 5114356380727247301,
    "emojis": [
      "\ud83c\udfad"
    ]
  },
  "CAADAQADngEAAugQAUdE7Qb5RbZ2wBYE": {
    "file_id": "CAADAQADngEAAugQAUdE7Qb5RbZ2wBYE",
    "document_id": 5116389240288051614,
    "emojis": [
      "\ud83c\udfad"
    ]
  },
  "CAADAQADHgEAAggAAQFHIbMItFHp3BEWBA": {
    "file_id": "CAADAQADHgEAAggAAQFHIbMItFHp3BEWBA",
    "document_id": 5116370686029332766,
    "emojis": [
      "\ud83c\udfad"
    ]
  },
  "CAADAQADoQEAArmP-Uby4VhIH7wVQxYE": {
    "file_id": "CAADAQADoQEAArmP-Uby4VhIH7wVQxYE",
    "document_id": 5114276876587631009,
    "emojis": [
      "\ud83c\udfad"
    ]
  },
  "CAADAQADpAEAAtXY-UbQZFhB8_s5rRYE": {
    "file_id": "CAADAQADpAEAAtXY-UbQZFhB8_s5rRYE",
    "document_id": 5114357261195542948,
    "emojis": [
      "\ud83c\udfad"
    ]
  },
  "CAADAQADHwEAAp89-Eag23OEysTQ1hYE": {
    "file_id": "CAADAQADHwEAAp89-Eag23OEysTQ1hYE",
    "document_id": 5113905129988292895,
    "emojis": [
      "\ud83c\udfad"
    ]
  },
  "CAADAQAD1wEAAnt--EY7KJSwYT5MKBYE": {
    "file_id": "CAADAQAD1wEAAnt--EY7KJSwYT5MKBYE",
    "document_id": 5113976443625275863,
    "emojis": [
      "\ud83c\udfad"
    ]
  },
  "CAADAQADHgIAAizWAUfsSlRXcbXR8RYE": {
    "file_id": "CAADAQADHgIAAizWAUfsSlRXcbXR8RYE",
    "document_id": 5116606136136499742,
    "emojis": [
      "\ud83c\udfad"
    ]
  },
  "CAADAQAD3gEAAsTn-EbmYpclFhq2RBYE": {
    "file_id": "CAADAQAD3gEAAsTn-EbmYpclFhq2RBYE",
    "document_id": 5114092205878804958,
    "emojis": [
      "\ud83c\udfad"
    ]
  },
  "CAADAQADXgEAAh7XAAFHchm6lLpfOgMWBA": {
    "file_id": "CAADAQADXgEAAh7XAAFHchm6lLpfOgMWBA",
    "document_id": 5116325700541874526,
    "emojis": [
      "\ud83c\udfad"
    ]
  },
  "CAADAQADaQEAAh6vAUcbe2lF4DtlThYE": {
    "file_id": "CAADAQADaQEAAh6vAUcbe2lF4DtlThYE",
    "document_id": 5116563195053474153,
    "emojis": [
      "\ud83c\udfad"
    ]
  },
  "CAADAQADFgEAAhdQ-UbAJvqi7w0yrhYE": {
    "file_id": "CAADAQADFgEAAhdQ-UbAJvqi7w0yrhYE",
    "document_id": 5114206911570379030,
    "emojis": [
      "\ud83c\udfad"
    ]
  },
  "CAADAQADFwEAAouk-EYScLqe84pmPhYE": {
    "file_id": "CAADAQADFwEAAouk-EYScLqe84pmPhYE",
    "document_id": 5114018293786607895,
    "emojis": [
      "\ud83c\udfad"
    ]
  },
  "CAADAQADRQEAAq8O-UZXIT4f4kbnNRYE": {
    "file_id": "CAADAQADRQEAAq8O-UZXIT4f4kbnNRYE",
    "document_id": 5114134996637974853,
    "emojis": [
      "\ud83c\udfad"
    ]
  },
  "CAADAQADKAEAAlDV-EYqGsEh72svDBYE": {
    "file_id": "CAADAQADKAEAAlDV-EYqGsEh72svDBYE",
    "document_id": 5114071916453298472,
    "emojis": [
      "\ud83c\udfad"
    ]
  },
  "CAADAQADlQEAAlkkAAFHJY4ja4jaTpoWBA": {
    "file_id": "CAADAQADlQEAAlkkAAFHJY4ja4jaTpoWBA",
    "document_id": 5116129141363573141,
    "emojis": [
      "\ud83c\udfad"
    ]
  },
  "CAADAQADPwIAAh1pAAFHsaynMBAkxKwWBA": {
    "file_id": "CAADAQADPwIAAh1pAAFHsaynMBAkxKwWBA",
    "document_id": 5116204749967852095,
    "emojis": [
      "\ud83c\udfad"
    ]
  },
  "CAADAQADPgEAAh6a-EZEwfrxhNjBaRYE": {
    "file_id": "CAADAQADPgEAAh6a-EZEwfrxhNjBaRYE",
    "document_id": 5114006830518894910,
    "emojis": [
      "\ud83c\udfad"
    ]
  }
}